{ "nrays": 525, "min_theta": -1.500000e+00, "max_theta": 1.518240e+00, "odometry": [ 0.0, 0.0, 0.0 ], "estimate": [ null, null, null ], "true_pose": [ 0.0, 0.0, 0.0 ], "theta": [ -1.500000e+00, -1.494240e+00, -1.488480e+00, -1.482720e+00, -1.476960e+00, -1.471200e+00, -1.465440e+00, -1.459680e+00, -1.453920e+00, -1.448160e+00, -1.442400e+00, -1.436640e+00, -1.430880e+00, -1.425120e+00, -1.419360e+00, -1.413600e+00, -1.407840e+00, -1.402080e+00, -1.396320e+00, -1.390560e+00, -1.384800e+00, -1.379040e+00, -1.373280e+00, -1.367520e+00, -1.361760e+00, -1.356000e+00, -1.350240e+00, -1.344480e+00, -1.338720e+00, -1.332960e+00, -1.327200e+00, -1.321440e+00, -1.315680e+00, -1.309920e+00, -1.304160e+00, -1.298400e+00, -1.292640e+00, -1.286880e+00, -1.281120e+00, -1.275360e+00, -1.269600e+00, -1.263840e+00, -1.258080e+00, -1.252320e+00, -1.246560e+00, -1.240800e+00, -1.235040e+00, -1.229280e+00, -1.223520e+00, -1.217760e+00, -1.212000e+00, -1.206240e+00, -1.200480e+00, -1.194720e+00, -1.188960e+00, -1.183200e+00, -1.177440e+00, -1.171680e+00, -1.165920e+00, -1.160160e+00, -1.154400e+00, -1.148640e+00, -1.142880e+00, -1.137120e+00, -1.131360e+00, -1.125600e+00, -1.119840e+00, -1.114080e+00, -1.108320e+00, -1.102560e+00, -1.096800e+00, -1.091040e+00, -1.085280e+00, -1.079520e+00, -1.073760e+00, -1.068000e+00, -1.062240e+00, -1.056480e+00, -1.050720e+00, -1.044960e+00, -1.039200e+00, -1.033440e+00, -1.027680e+00, -1.021920e+00, -1.016160e+00, -1.010400e+00, -1.004640e+00, -9.988800e-01, -9.931200e-01, -9.873600e-01, -9.816000e-01, -9.758400e-01, -9.700800e-01, -9.643200e-01, -9.585600e-01, -9.528000e-01, -9.470400e-01, -9.412800e-01, -9.355200e-01, -9.297600e-01, -9.240000e-01, -9.182400e-01, -9.124800e-01, -9.067200e-01, -9.009600e-01, -8.952000e-01, -8.894400e-01, -8.836800e-01, -8.779200e-01, -8.721600e-01, -8.664000e-01, -8.606400e-01, -8.548800e-01, -8.491200e-01, -8.433600e-01, -8.376000e-01, -8.318400e-01, -8.260800e-01, -8.203200e-01, -8.145600e-01, -8.088000e-01, -8.030400e-01, -7.972800e-01, -7.915200e-01, -7.857600e-01, -7.800000e-01, -7.742400e-01, -7.684800e-01, -7.627200e-01, -7.569600e-01, -7.512000e-01, -7.454400e-01, -7.396800e-01, -7.339200e-01, -7.281600e-01, -7.224000e-01, -7.166400e-01, -7.108800e-01, -7.051200e-01, -6.993600e-01, -6.936000e-01, -6.878400e-01, -6.820800e-01, -6.763200e-01, -6.705600e-01, -6.648000e-01, -6.590400e-01, -6.532800e-01, -6.475200e-01, -6.417600e-01, -6.360000e-01, -6.302400e-01, -6.244800e-01, -6.187200e-01, -6.129600e-01, -6.072000e-01, -6.014400e-01, -5.956800e-01, -5.899200e-01, -5.841600e-01, -5.784000e-01, -5.726400e-01, -5.668800e-01, -5.611200e-01, -5.553600e-01, -5.496000e-01, -5.438400e-01, -5.380800e-01, -5.323200e-01, -5.265600e-01, -5.208000e-01, -5.150400e-01, -5.092800e-01, -5.035200e-01, -4.977599e-01, -4.920000e-01, -4.862400e-01, -4.804800e-01, -4.747200e-01, -4.689599e-01, -4.632000e-01, -4.574400e-01, -4.516799e-01, -4.459200e-01, -4.401600e-01, -4.344000e-01, -4.286400e-01, -4.228799e-01, -4.171200e-01, -4.113600e-01, -4.056000e-01, -3.998400e-01, -3.940799e-01, -3.883200e-01, -3.825600e-01, -3.767999e-01, -3.710400e-01, -3.652800e-01, -3.595200e-01, -3.537600e-01, -3.479999e-01, -3.422400e-01, -3.364800e-01, -3.307199e-01, -3.249600e-01, -3.192000e-01, -3.134400e-01, -3.076800e-01, -3.019199e-01, -2.961600e-01, -2.904000e-01, -2.846400e-01, -2.788800e-01, -2.731199e-01, -2.673600e-01, -2.616000e-01, -2.558399e-01, -2.500800e-01, -2.443200e-01, -2.385600e-01, -2.328000e-01, -2.270399e-01, -2.212800e-01, -2.155200e-01, -2.097600e-01, -2.040000e-01, -1.982399e-01, -1.924800e-01, -1.867200e-01, -1.809599e-01, -1.752000e-01, -1.694400e-01, -1.636800e-01, -1.579200e-01, -1.521599e-01, -1.464000e-01, -1.406400e-01, -1.348799e-01, -1.291200e-01, -1.233600e-01, -1.176000e-01, -1.118400e-01, -1.060799e-01, -1.003200e-01, -9.456003e-02, -8.879995e-02, -8.304000e-02, -7.727993e-02, -7.151997e-02, -6.576002e-02, -5.999994e-02, -5.423999e-02, -4.848003e-02, -4.271996e-02, -3.696001e-02, -3.119993e-02, -2.543998e-02, -1.968002e-02, -1.391995e-02, -8.159995e-03, -2.399921e-03, 3.360033e-03, 9.119987e-03, 1.488006e-02, 2.064002e-02, 2.639997e-02, 3.216004e-02, 3.792000e-02, 4.368007e-02, 4.944003e-02, 5.519998e-02, 6.096005e-02, 6.672001e-02, 7.248008e-02, 7.824004e-02, 8.399999e-02, 8.976007e-02, 9.552002e-02, 1.012800e-01, 1.070400e-01, 1.128000e-01, 1.185601e-01, 1.243200e-01, 1.300800e-01, 1.358401e-01, 1.416000e-01, 1.473600e-01, 1.531200e-01, 1.588800e-01, 1.646401e-01, 1.704000e-01, 1.761600e-01, 1.819201e-01, 1.876800e-01, 1.934401e-01, 1.992000e-01, 2.049600e-01, 2.107201e-01, 2.164800e-01, 2.222400e-01, 2.280000e-01, 2.337600e-01, 2.395201e-01, 2.452800e-01, 2.510400e-01, 2.568001e-01, 2.625600e-01, 2.683201e-01, 2.740800e-01, 2.798400e-01, 2.856001e-01, 2.913600e-01, 2.971200e-01, 3.028800e-01, 3.086400e-01, 3.144001e-01, 3.201600e-01, 3.259200e-01, 3.316801e-01, 3.374400e-01, 3.432000e-01, 3.489600e-01, 3.547200e-01, 3.604801e-01, 3.662400e-01, 3.720000e-01, 3.777601e-01, 3.835200e-01, 3.892801e-01, 3.950400e-01, 4.008000e-01, 4.065601e-01, 4.123200e-01, 4.180800e-01, 4.238400e-01, 4.296000e-01, 4.353601e-01, 4.411200e-01, 4.468800e-01, 4.526401e-01, 4.584000e-01, 4.641601e-01, 4.699200e-01, 4.756800e-01, 4.814401e-01, 4.872000e-01, 4.929600e-01, 4.987200e-01, 5.044801e-01, 5.102401e-01, 5.160000e-01, 5.217600e-01, 5.275199e-01, 5.332801e-01, 5.390401e-01, 5.448000e-01, 5.505600e-01, 5.563200e-01, 5.620801e-01, 5.678401e-01, 5.736001e-01, 5.793600e-01, 5.851200e-01, 5.908799e-01, 5.966401e-01, 6.024001e-01, 6.081600e-01, 6.139200e-01, 6.196799e-01, 6.254401e-01, 6.312001e-01, 6.369600e-01, 6.427200e-01, 6.484799e-01, 6.542401e-01, 6.600001e-01, 6.657600e-01, 6.715200e-01, 6.772799e-01, 6.830401e-01, 6.888001e-01, 6.945601e-01, 7.003200e-01, 7.060800e-01, 7.118402e-01, 7.176001e-01, 7.233601e-01, 7.291200e-01, 7.348800e-01, 7.406399e-01, 7.464001e-01, 7.521601e-01, 7.579200e-01, 7.636800e-01, 7.694399e-01, 7.752001e-01, 7.809601e-01, 7.867200e-01, 7.924800e-01, 7.982399e-01, 8.040001e-01, 8.097601e-01, 8.155200e-01, 8.212800e-01, 8.270400e-01, 8.328001e-01, 8.385601e-01, 8.443201e-01, 8.500800e-01, 8.558400e-01, 8.615999e-01, 8.673601e-01, 8.731201e-01, 8.788800e-01, 8.846400e-01, 8.903999e-01, 8.961601e-01, 9.019201e-01, 9.076800e-01, 9.134400e-01, 9.191999e-01, 9.249601e-01, 9.307201e-01, 9.364800e-01, 9.422400e-01, 9.480000e-01, 9.537601e-01, 9.595201e-01, 9.652801e-01, 9.710400e-01, 9.768000e-01, 9.825599e-01, 9.883201e-01, 9.940801e-01, 9.998400e-01, 1.005600e+00, 1.011360e+00, 1.017120e+00, 1.022880e+00, 1.028640e+00, 1.034400e+00, 1.040160e+00, 1.045920e+00, 1.051680e+00, 1.057440e+00, 1.063200e+00, 1.068960e+00, 1.074720e+00, 1.080480e+00, 1.086240e+00, 1.092000e+00, 1.097760e+00, 1.103520e+00, 1.109280e+00, 1.115040e+00, 1.120800e+00, 1.126560e+00, 1.132320e+00, 1.138080e+00, 1.143840e+00, 1.149600e+00, 1.155360e+00, 1.161120e+00, 1.166880e+00, 1.172640e+00, 1.178400e+00, 1.184160e+00, 1.189920e+00, 1.195680e+00, 1.201440e+00, 1.207200e+00, 1.212960e+00, 1.218720e+00, 1.224480e+00, 1.230240e+00, 1.236000e+00, 1.241760e+00, 1.247520e+00, 1.253280e+00, 1.259040e+00, 1.264800e+00, 1.270560e+00, 1.276320e+00, 1.282080e+00, 1.287840e+00, 1.293600e+00, 1.299360e+00, 1.305120e+00, 1.310880e+00, 1.316640e+00, 1.322400e+00, 1.328160e+00, 1.333920e+00, 1.339680e+00, 1.345440e+00, 1.351200e+00, 1.356960e+00, 1.362720e+00, 1.368480e+00, 1.374240e+00, 1.380000e+00, 1.385760e+00, 1.391520e+00, 1.397280e+00, 1.403040e+00, 1.408800e+00, 1.414560e+00, 1.420320e+00, 1.426080e+00, 1.431840e+00, 1.437600e+00, 1.443360e+00, 1.449120e+00, 1.454880e+00, 1.460640e+00, 1.466400e+00, 1.472160e+00, 1.477920e+00, 1.483680e+00, 1.489440e+00, 1.495200e+00, 1.500960e+00, 1.506720e+00, 1.512480e+00, 1.518240e+00 ],