{ "nrays": 549, "min_theta": -1.570000e+00, "max_theta": 1.617816e+00, "odometry": [ 0.0, 0.0, 0.0 ], "estimate": [ null, null, null ], "true_pose": [ 0.0, 0.0, 0.0 ], "theta": [ -1.570000e+00, -1.564183e+00, -1.558366e+00, -1.552549e+00, -1.546731e+00, -1.540914e+00, -1.535097e+00, -1.529280e+00, -1.523463e+00, -1.517645e+00, -1.511828e+00, -1.506011e+00, -1.500194e+00, -1.494377e+00, -1.488559e+00, -1.482742e+00, -1.476925e+00, -1.471108e+00, -1.465291e+00, -1.459474e+00, -1.453656e+00, -1.447839e+00, -1.442022e+00, -1.436205e+00, -1.430388e+00, -1.424571e+00, -1.418753e+00, -1.412936e+00, -1.407119e+00, -1.401302e+00, -1.395485e+00, -1.389667e+00, -1.383850e+00, -1.378033e+00, -1.372216e+00, -1.366399e+00, -1.360582e+00, -1.354764e+00, -1.348947e+00, -1.343130e+00, -1.337313e+00, -1.331496e+00, -1.325678e+00, -1.319861e+00, -1.314044e+00, -1.308227e+00, -1.302410e+00, -1.296592e+00, -1.290775e+00, -1.284958e+00, -1.279141e+00, -1.273324e+00, -1.267507e+00, -1.261689e+00, -1.255872e+00, -1.250055e+00, -1.244238e+00, -1.238421e+00, -1.232604e+00, -1.226786e+00, -1.220969e+00, -1.215152e+00, -1.209335e+00, -1.203518e+00, -1.197700e+00, -1.191883e+00, -1.186066e+00, -1.180249e+00, -1.174432e+00, -1.168615e+00, -1.162797e+00, -1.156980e+00, -1.151163e+00, -1.145346e+00, -1.139529e+00, -1.133711e+00, -1.127894e+00, -1.122077e+00, -1.116260e+00, -1.110443e+00, -1.104625e+00, -1.098808e+00, -1.092991e+00, -1.087174e+00, -1.081357e+00, -1.075540e+00, -1.069722e+00, -1.063905e+00, -1.058088e+00, -1.052271e+00, -1.046454e+00, -1.040637e+00, -1.034819e+00, -1.029002e+00, -1.023185e+00, -1.017368e+00, -1.011551e+00, -1.005733e+00, -9.999162e-01, -9.940990e-01, -9.882818e-01, -9.824646e-01, -9.766474e-01, -9.708303e-01, -9.650131e-01, -9.591959e-01, -9.533787e-01, -9.475616e-01, -9.417443e-01, -9.359272e-01, -9.301100e-01, -9.242928e-01, -9.184756e-01, -9.126585e-01, -9.068413e-01, -9.010241e-01, -8.952069e-01, -8.893897e-01, -8.835725e-01, -8.777553e-01, -8.719382e-01, -8.661210e-01, -8.603038e-01, -8.544866e-01, -8.486694e-01, -8.428522e-01, -8.370351e-01, -8.312179e-01, -8.254007e-01, -8.195835e-01, -8.137664e-01, -8.079492e-01, -8.021320e-01, -7.963148e-01, -7.904976e-01, -7.846804e-01, -7.788633e-01, -7.730461e-01, -7.672289e-01, -7.614117e-01, -7.555945e-01, -7.497773e-01, -7.439601e-01, -7.381430e-01, -7.323258e-01, -7.265086e-01, -7.206914e-01, -7.148743e-01, -7.090571e-01, -7.032399e-01, -6.974227e-01, -6.916055e-01, -6.857883e-01, -6.799712e-01, -6.741540e-01, -6.683368e-01, -6.625196e-01, -6.567024e-01, -6.508852e-01, -6.450680e-01, -6.392509e-01, -6.334337e-01, -6.276165e-01, -6.217993e-01, -6.159822e-01, -6.101649e-01, -6.043478e-01, -5.985306e-01, -5.927134e-01, -5.868962e-01, -5.810791e-01, -5.752619e-01, -5.694447e-01, -5.636275e-01, -5.578103e-01, -5.519931e-01, -5.461760e-01, -5.403588e-01, -5.345416e-01, -5.287244e-01, -5.229073e-01, -5.170901e-01, -5.112729e-01, -5.054557e-01, -4.996384e-01, -4.938213e-01, -4.880041e-01, -4.821869e-01, -4.763697e-01, -4.705526e-01, -4.647354e-01, -4.589182e-01, -4.531010e-01, -4.472839e-01, -4.414667e-01, -4.356495e-01, -4.298323e-01, -4.240152e-01, -4.181980e-01, -4.123808e-01, -4.065636e-01, -4.007463e-01, -3.949292e-01, -3.891120e-01, -3.832948e-01, -3.774776e-01, -3.716605e-01, -3.658433e-01, -3.600261e-01, -3.542089e-01, -3.483918e-01, -3.425746e-01, -3.367574e-01, -3.309402e-01, -3.251231e-01, -3.193059e-01, -3.134886e-01, -3.076714e-01, -3.018543e-01, -2.960371e-01, -2.902199e-01, -2.844027e-01, -2.785856e-01, -2.727684e-01, -2.669512e-01, -2.611340e-01, -2.553169e-01, -2.494997e-01, -2.436825e-01, -2.378653e-01, -2.320482e-01, -2.262310e-01, -2.204138e-01, -2.145965e-01, -2.087793e-01, -2.029622e-01, -1.971450e-01, -1.913278e-01, -1.855106e-01, -1.796935e-01, -1.738763e-01, -1.680591e-01, -1.622419e-01, -1.564248e-01, -1.506076e-01, -1.447904e-01, -1.389732e-01, -1.331561e-01, -1.273388e-01, -1.215216e-01, -1.157044e-01, -1.098872e-01, -1.040701e-01, -9.825289e-02, -9.243572e-02, -8.661854e-02, -8.080137e-02, -7.498419e-02, -6.916702e-02, -6.334984e-02, -5.753267e-02, -5.171549e-02, -4.589832e-02, -4.008114e-02, -3.426397e-02, -2.844667e-02, -2.262950e-02, -1.681232e-02, -1.099515e-02, -5.177975e-03, 6.392002e-04, 6.456375e-03, 1.227355e-02, 1.809072e-02, 2.390790e-02, 2.972507e-02, 3.554225e-02, 4.135942e-02, 4.717660e-02, 5.299377e-02, 5.881107e-02, 6.462824e-02, 7.044542e-02, 7.626259e-02, 8.207977e-02, 8.789694e-02, 9.371412e-02, 9.953129e-02, 1.053485e-01, 1.111656e-01, 1.169828e-01, 1.228000e-01, 1.286172e-01, 1.344343e-01, 1.402515e-01, 1.460687e-01, 1.518859e-01, 1.577032e-01, 1.635203e-01, 1.693375e-01, 1.751547e-01, 1.809719e-01, 1.867890e-01, 1.926062e-01, 1.984234e-01, 2.042406e-01, 2.100577e-01, 2.158749e-01, 2.216921e-01, 2.275093e-01, 2.333264e-01, 2.391436e-01, 2.449609e-01, 2.507781e-01, 2.565953e-01, 2.624124e-01, 2.682296e-01, 2.740468e-01, 2.798640e-01, 2.856811e-01, 2.914983e-01, 2.973155e-01, 3.031327e-01, 3.089498e-01, 3.147670e-01, 3.205842e-01, 3.264014e-01, 3.322185e-01, 3.380357e-01, 3.438530e-01, 3.496702e-01, 3.554873e-01, 3.613045e-01, 3.671217e-01, 3.729389e-01, 3.787560e-01, 3.845732e-01, 3.903904e-01, 3.962076e-01, 4.020247e-01, 4.078419e-01, 4.136591e-01, 4.194763e-01, 4.252934e-01, 4.311107e-01, 4.369279e-01, 4.427451e-01, 4.485623e-01, 4.543794e-01, 4.601966e-01, 4.660138e-01, 4.718310e-01, 4.776481e-01, 4.834653e-01, 4.892825e-01, 4.950997e-01, 5.009168e-01, 5.067340e-01, 5.125512e-01, 5.183684e-01, 5.241855e-01, 5.300027e-01, 5.358199e-01, 5.416371e-01, 5.474542e-01, 5.532714e-01, 5.590886e-01, 5.649058e-01, 5.707232e-01, 5.765404e-01, 5.823575e-01, 5.881747e-01, 5.939919e-01, 5.998091e-01, 6.056262e-01, 6.114434e-01, 6.172606e-01, 6.230778e-01, 6.288949e-01, 6.347121e-01, 6.405293e-01, 6.463464e-01, 6.521636e-01, 6.579808e-01, 6.637980e-01, 6.696151e-01, 6.754323e-01, 6.812495e-01, 6.870667e-01, 6.928838e-01, 6.987010e-01, 7.045182e-01, 7.103354e-01, 7.161525e-01, 7.219697e-01, 7.277869e-01, 7.336041e-01, 7.394212e-01, 7.452384e-01, 7.510556e-01, 7.568728e-01, 7.626902e-01, 7.685074e-01, 7.743245e-01, 7.801417e-01, 7.859589e-01, 7.917761e-01, 7.975932e-01, 8.034104e-01, 8.092276e-01, 8.150448e-01, 8.208619e-01, 8.266791e-01, 8.324963e-01, 8.383135e-01, 8.441306e-01, 8.499478e-01, 8.557650e-01, 8.615822e-01, 8.673993e-01, 8.732165e-01, 8.790337e-01, 8.848509e-01, 8.906680e-01, 8.964852e-01, 9.023024e-01, 9.081196e-01, 9.139367e-01, 9.197539e-01, 9.255711e-01, 9.313883e-01, 9.372054e-01, 9.430228e-01, 9.488400e-01, 9.546572e-01, 9.604744e-01, 9.662915e-01, 9.721087e-01, 9.779259e-01, 9.837431e-01, 9.895602e-01, 9.953774e-01, 1.001195e+00, 1.007012e+00, 1.012829e+00, 1.018646e+00, 1.024463e+00, 1.030280e+00, 1.036098e+00, 1.041915e+00, 1.047732e+00, 1.053549e+00, 1.059366e+00, 1.065184e+00, 1.071001e+00, 1.076818e+00, 1.082635e+00, 1.088452e+00, 1.094269e+00, 1.100087e+00, 1.105904e+00, 1.111721e+00, 1.117538e+00, 1.123355e+00, 1.129172e+00, 1.134990e+00, 1.140807e+00, 1.146624e+00, 1.152441e+00, 1.158259e+00, 1.164076e+00, 1.169893e+00, 1.175710e+00, 1.181527e+00, 1.187344e+00, 1.193162e+00, 1.198979e+00, 1.204796e+00, 1.210613e+00, 1.216430e+00, 1.222247e+00, 1.228065e+00, 1.233882e+00, 1.239699e+00, 1.245516e+00, 1.251333e+00, 1.257151e+00, 1.262968e+00, 1.268785e+00, 1.274602e+00, 1.280419e+00, 1.286236e+00, 1.292054e+00, 1.297871e+00, 1.303688e+00, 1.309505e+00, 1.315323e+00, 1.321140e+00, 1.326957e+00, 1.332774e+00, 1.338591e+00, 1.344408e+00, 1.350226e+00, 1.356043e+00, 1.361860e+00, 1.367677e+00, 1.373494e+00, 1.379311e+00, 1.385129e+00, 1.390946e+00, 1.396763e+00, 1.402580e+00, 1.408397e+00, 1.414214e+00, 1.420032e+00, 1.425849e+00, 1.431666e+00, 1.437483e+00, 1.443300e+00, 1.449118e+00, 1.454935e+00, 1.460752e+00, 1.466569e+00, 1.472386e+00, 1.478203e+00, 1.484021e+00, 1.489838e+00, 1.495655e+00, 1.501472e+00, 1.507290e+00, 1.513107e+00, 1.518924e+00, 1.524741e+00, 1.530558e+00, 1.536375e+00, 1.542193e+00, 1.548010e+00, 1.553827e+00, 1.559644e+00, 