{ "nrays": 427, "min_theta": -1.220000e+00, "max_theta": 1.258120e+00, "odometry": [ 0.0, 0.0, 0.0 ], "estimate": [ null, null, null ], "true_pose": [ 0.0, 0.0, 0.0 ], "theta": [ -1.220000e+00, -1.214183e+00, -1.208366e+00, -1.202549e+00, -1.196731e+00, -1.190914e+00, -1.185097e+00, -1.179280e+00, -1.173463e+00, -1.167645e+00, -1.161828e+00, -1.156011e+00, -1.150194e+00, -1.144377e+00, -1.138559e+00, -1.132742e+00, -1.126925e+00, -1.121108e+00, -1.115291e+00, -1.109474e+00, -1.103656e+00, -1.097839e+00, -1.092022e+00, -1.086205e+00, -1.080388e+00, -1.074570e+00, -1.068753e+00, -1.062936e+00, -1.057119e+00, -1.051302e+00, -1.045485e+00, -1.039667e+00, -1.033850e+00, -1.028033e+00, -1.022216e+00, -1.016399e+00, -1.010581e+00, -1.004764e+00, -9.989471e-01, -9.931299e-01, -9.873127e-01, -9.814956e-01, -9.756784e-01, -9.698611e-01, -9.640440e-01, -9.582268e-01, -9.524096e-01, -9.465925e-01, -9.407753e-01, -9.349581e-01, -9.291409e-01, -9.233238e-01, -9.175066e-01, -9.116894e-01, -9.058722e-01, -9.000550e-01, -8.942378e-01, -8.884206e-01, -8.826035e-01, -8.767862e-01, -8.709691e-01, -8.651519e-01, -8.593347e-01, -8.535175e-01, -8.477004e-01, -8.418832e-01, -8.360660e-01, -8.302488e-01, -8.244317e-01, -8.186145e-01, -8.127972e-01, -8.069801e-01, -8.011629e-01, -7.953457e-01, -7.895285e-01, -7.837113e-01, -7.778941e-01, -7.720770e-01, -7.662598e-01, -7.604426e-01, -7.546254e-01, -7.488083e-01, -7.429911e-01, -7.371739e-01, -7.313567e-01, -7.255396e-01, -7.197223e-01, -7.139052e-01, -7.080880e-01, -7.022708e-01, -6.964536e-01, -6.906365e-01, -6.848192e-01, -6.790020e-01, -6.731849e-01, -6.673677e-01, -6.615505e-01, -6.557333e-01, -6.499162e-01, -6.440990e-01, -6.382818e-01, -6.324646e-01, -6.266474e-01, -6.208302e-01, -6.150131e-01, -6.091959e-01, -6.033787e-01, -5.975615e-01, -5.917443e-01, -5.859271e-01, -5.801100e-01, -5.742928e-01, -5.684756e-01, -5.626584e-01, -5.568413e-01, -5.510241e-01, -5.452069e-01, -5.393897e-01, -5.335725e-01, -5.277553e-01, -5.219381e-01, -5.161210e-01, -5.103038e-01, -5.044866e-01, -4.986694e-01, -4.928522e-01, -4.870350e-01, -4.812179e-01, -4.754007e-01, -4.695835e-01, -4.637663e-01, -4.579492e-01, -4.521320e-01, -4.463148e-01, -4.404976e-01, -4.346804e-01, -4.288632e-01, -4.230461e-01, -4.172289e-01, -4.114117e-01, -4.055945e-01, -3.997773e-01, -3.939601e-01, -3.881429e-01, -3.823258e-01, -3.765086e-01, -3.706914e-01, -3.648742e-01, -3.590571e-01, -3.532398e-01, -3.474227e-01, -3.416055e-01, -3.357883e-01, -3.299711e-01, -3.241540e-01, -3.183368e-01, -3.125196e-01, -3.067024e-01, -3.008852e-01, -2.950680e-01, -2.892509e-01, -2.834337e-01, -2.776165e-01, -2.717993e-01, -2.659822e-01, -2.601649e-01, -2.543477e-01, -2.485306e-01, -2.427134e-01, -2.368962e-01, -2.310790e-01, -2.252619e-01, -2.194446e-01, -2.136275e-01, -2.078103e-01, -2.019931e-01, -1.961759e-01, -1.903588e-01, -1.845416e-01, -1.787244e-01, -1.729072e-01, -1.670901e-01, -1.612729e-01, -1.554557e-01, -1.496384e-01, -1.438212e-01, -1.380041e-01, -1.321869e-01, -1.263697e-01, -1.205525e-01, -1.147354e-01, -1.089182e-01, -1.031010e-01, -9.728384e-02, -9.146667e-02, -8.564949e-02, -7.983232e-02, -7.401514e-02, -6.819797e-02, -6.238079e-02, -5.656362e-02, -5.074632e-02, -4.492915e-02, -3.911197e-02, -3.329480e-02, -2.747762e-02, -2.166045e-02, -1.584327e-02, -1.002610e-02, -4.208922e-03, 1.608253e-03, 7.425427e-03, 1.324260e-02, 1.905978e-02, 2.487695e-02, 3.069413e-02, 3.651142e-02, 4.232860e-02, 4.814577e-02, 5.396295e-02, 5.978012e-02, 6.559730e-02, 7.141447e-02, 7.723165e-02, 8.304882e-02, 8.886600e-02, 9.468317e-02, 1.005003e-01, 1.063175e-01, 1.121347e-01, 1.179519e-01, 1.237690e-01, 1.295862e-01, 1.354035e-01, 1.412207e-01, 1.470379e-01, 1.528550e-01, 1.586722e-01, 1.644894e-01, 1.703066e-01, 1.761237e-01, 1.819409e-01, 1.877581e-01, 1.935753e-01, 1.993924e-01, 2.052096e-01, 2.110268e-01, 2.168440e-01, 2.226613e-01, 2.284784e-01, 2.342956e-01, 2.401128e-01, 2.459300e-01, 2.517471e-01, 2.575643e-01, 2.633815e-01, 2.691987e-01, 2.750158e-01, 2.808330e-01, 2.866502e-01, 2.924674e-01, 2.982845e-01, 3.041017e-01, 3.099189e-01, 3.157361e-01, 3.215533e-01, 3.273705e-01, 3.331877e-01, 3.390049e-01, 3.448220e-01, 3.506392e-01, 3.564564e-01, 3.622736e-01, 3.680907e-01, 3.739079e-01, 3.797251e-01, 3.855423e-01, 3.913594e-01, 3.971766e-01, 4.029938e-01, 4.088111e-01, 4.146283e-01, 4.204454e-01, 4.262626e-01, 4.320798e-01, 4.378970e-01, 4.437141e-01, 4.495313e-01, 4.553485e-01, 4.611657e-01, 4.669828e-01, 4.728000e-01, 4.786172e-01, 4.844344e-01, 4.902515e-01, 4.960687e-01, 5.018859e-01, 5.077032e-01, 5.135204e-01, 5.193375e-01, 5.251547e-01, 5.309719e-01, 5.367891e-01, 5.426062e-01, 5.484234e-01, 5.542406e-01, 5.600578e-01, 5.658749e-01, 5.716921e-01, 5.775093e-01, 5.833265e-01, 5.891436e-01, 5.949609e-01, 6.007781e-01, 6.065953e-01, 6.124125e-01, 6.182296e-01, 6.240468e-01, 6.298640e-01, 6.356812e-01, 6.414983e-01, 6.473155e-01, 6.531327e-01, 6.589499e-01, 6.647670e-01, 6.705842e-01, 6.764014e-01, 6.822186e-01, 6.880357e-01, 6.938530e-01, 6.996702e-01, 7.054874e-01, 7.113045e-01, 7.171217e-01, 7.229389e-01, 7.287561e-01, 7.345732e-01, 7.403904e-01, 7.462076e-01, 7.520248e-01, 7.578419e-01, 7.636591e-01, 7.694763e-01, 7.752935e-01, 7.811108e-01, 7.869279e-01, 7.927451e-01, 7.985623e-01, 8.043795e-01, 8.101966e-01, 8.160138e-01, 8.218310e-01, 8.276482e-01, 8.334653e-01, 8.392825e-01, 8.450997e-01, 8.509169e-01, 8.567340e-01, 8.625512e-01, 8.683684e-01, 8.741856e-01, 8.800027e-01, 8.858199e-01, 8.916371e-01, 8.974543e-01, 9.032714e-01, 9.090886e-01, 9.149058e-01, 9.207232e-01, 9.265404e-01, 9.323575e-01, 9.381747e-01, 9.439919e-01, 9.498091e-01, 9.556262e-01, 9.614434e-01, 9.672606e-01, 9.730778e-01, 9.788949e-01, 9.847121e-01, 9.905293e-01, 9.963465e-01, 1.002164e+00, 1.007981e+00, 1.013798e+00, 1.019615e+00, 1.025432e+00, 1.031250e+00, 1.037067e+00, 1.042884e+00, 1.048701e+00, 1.054518e+00, 1.060335e+00, 1.066153e+00, 1.071970e+00, 1.077787e+00, 1.083604e+00, 1.089421e+00, 1.095238e+00, 1.101056e+00, 1.106873e+00, 1.112690e+00, 1.118507e+00, 1.124325e+00, 1.130142e+00, 1.135959e+00, 1.141776e+00, 1.147593e+00, 1.153410e+00, 1.159228e+00, 1.165045e+00, 1.170862e+00, 1.176679e+00, 1.182496e+00, 1.188313e+00, 1.194131e+00, 1.199948e+00, 1.205765e+00, 1.211582e+00, 1.217399e+00, 1.223217e+00, 1.229034e+00, 1.234851e+00, 1.240668e+00, 1.246485e+00, 1.252302e+00, 1.258120e+00 ],