{ "nrays": 531, "min_theta": -1.150000e+00, "max_theta": 1.167491e+00, "odometry": [ 0.0, 0.0, 0.0 ], "estimate": [ null, null, null ], "true_pose": [ 0.0, 0.0, 0.0 ], "theta": [ -1.150000e+00, -1.145627e+00, -1.141255e+00, -1.136882e+00, -1.132509e+00, -1.128137e+00, -1.123764e+00, -1.119392e+00, -1.115019e+00, -1.110646e+00, -1.106274e+00, -1.101901e+00, -1.097528e+00, -1.093156e+00, -1.088783e+00, -1.084411e+00, -1.080038e+00, -1.075665e+00, -1.071293e+00, -1.066920e+00, -1.062547e+00, -1.058175e+00, -1.053802e+00, -1.049430e+00, -1.045057e+00, -1.040684e+00, -1.036312e+00, -1.031939e+00, -1.027567e+00, -1.023194e+00, -1.018821e+00, -1.014449e+00, -1.010076e+00, -1.005703e+00, -1.001331e+00, -9.969581e-01, -9.925855e-01, -9.882129e-01, -9.838403e-01, -9.794676e-01, -9.750950e-01, -9.707224e-01, -9.663498e-01, -9.619771e-01, -9.576045e-01, -9.532319e-01, -9.488593e-01, -9.444867e-01, -9.401140e-01, -9.357414e-01, -9.313688e-01, -9.269962e-01, -9.226235e-01, -9.182509e-01, -9.138783e-01, -9.095057e-01, -9.051330e-01, -9.007604e-01, -8.963878e-01, -8.920152e-01, -8.876426e-01, -8.832699e-01, -8.788973e-01, -8.745247e-01, -8.701521e-01, -8.657794e-01, -8.614068e-01, -8.570342e-01, -8.526616e-01, -8.482889e-01, -8.439163e-01, -8.395437e-01, -8.351711e-01, -8.307984e-01, -8.264258e-01, -8.220532e-01, -8.176806e-01, -8.133079e-01, -8.089353e-01, -8.045627e-01, -8.001901e-01, -7.958175e-01, -7.914448e-01, -7.870722e-01, -7.826996e-01, -7.783270e-01, -7.739543e-01, -7.695817e-01, -7.652091e-01, -7.608365e-01, -7.564638e-01, -7.520912e-01, -7.477186e-01, -7.433460e-01, -7.389734e-01, -7.346007e-01, -7.302281e-01, -7.258555e-01, -7.214829e-01, -7.171102e-01, -7.127376e-01, -7.083650e-01, -7.039924e-01, -6.996198e-01, -6.952471e-01, -6.908745e-01, -6.865019e-01, -6.821293e-01, -6.777566e-01, -6.733840e-01, -6.690114e-01, -6.646388e-01, -6.602661e-01, -6.558935e-01, -6.515208e-01, -6.471483e-01, -6.427756e-01, -6.384030e-01, -6.340304e-01, -6.296577e-01, -6.252851e-01, -6.209125e-01, -6.165399e-01, -6.121672e-01, -6.077946e-01, -6.034220e-01, -5.990494e-01, -5.946767e-01, -5.903041e-01, -5.859315e-01, -5.815589e-01, -5.771863e-01, -5.728136e-01, -5.684410e-01, -5.640684e-01, -5.596958e-01, -5.553231e-01, -5.509505e-01, -5.465779e-01, -5.422053e-01, -5.378327e-01, -5.334600e-01, -5.290874e-01, -5.247148e-01, -5.203422e-01, -5.159695e-01, -5.115969e-01, -5.072243e-01, -5.028517e-01, -4.984790e-01, -4.941064e-01, -4.897338e-01, -4.853612e-01, -4.809886e-01, -4.766159e-01, -4.722433e-01, -4.678707e-01, -4.634981e-01, -4.591254e-01, -4.547528e-01, -4.503802e-01, -4.460075e-01, -4.416350e-01, -4.372623e-01, -4.328897e-01, -4.285170e-01, -4.241444e-01, -4.197718e-01, -4.153992e-01, -4.110265e-01, -4.066539e-01, -4.022813e-01, -3.979087e-01, -3.935361e-01, -3.891634e-01, -3.847908e-01, -3.804182e-01, -3.760456e-01, -3.716729e-01, -3.673003e-01, -3.629277e-01, -3.585551e-01, -3.541825e-01, -3.498098e-01, -3.454372e-01, -3.410646e-01, -3.366920e-01, -3.323193e-01, -3.279467e-01, -3.235741e-01, -3.192015e-01, -3.148288e-01, -3.104562e-01, -3.060836e-01, -3.017110e-01, -2.973384e-01, -2.929657e-01, -2.885931e-01, -2.842205e-01, -2.798479e-01, -2.754752e-01, -2.711026e-01, -2.667300e-01, -2.623574e-01, -2.579848e-01, -2.536121e-01, -2.492395e-01, -2.448668e-01, -2.404943e-01, -2.361216e-01, -2.317490e-01, -2.273763e-01, -2.230037e-01, -2.186311e-01, -2.142585e-01, -2.098859e-01, -2.055132e-01, -2.011406e-01, -1.967680e-01, -1.923954e-01, -1.880227e-01, -1.836501e-01, -1.792775e-01, -1.749049e-01, -1.705322e-01, -1.661596e-01, -1.617870e-01, -1.574144e-01, -1.530418e-01, -1.486691e-01, -1.442965e-01, -1.399239e-01, -1.355512e-01, -1.311786e-01, -1.268060e-01, -1.224334e-01, -1.180608e-01, -1.136881e-01, -1.093155e-01, -1.049429e-01, -1.005703e-01, -9.619761e-02, -9.182501e-02, -8.745241e-02, -8.307981e-02, -7.870710e-02, -7.433450e-02, -6.996191e-02, -6.558931e-02, -6.121671e-02, -5.684400e-02, -5.247140e-02, -4.809880e-02, -4.372621e-02, -3.935349e-02, -3.498089e-02, -3.060830e-02, -2.623570e-02, -2.186310e-02, -1.749039e-02, -1.311779e-02, -8.745193e-03, -4.372597e-03, 1.192093e-07, 4.372716e-03, 8.745313e-03, 1.311791e-02, 1.749051e-02, 2.186322e-02, 2.623582e-02, 3.060842e-02, 3.498101e-02, 3.935373e-02, 4.372633e-02, 4.809892e-02, 5.247152e-02, 5.684423e-02, 6.121683e-02, 6.558943e-02, 6.996202e-02, 7.433462e-02, 7.870734e-02, 8.307993e-02, 8.745253e-02, 9.182513e-02, 9.619784e-02, 1.005704e-01, 1.049430e-01, 1.093156e-01, 1.136882e-01, 1.180609e-01, 1.224335e-01, 1.268061e-01, 1.311787e-01, 1.355515e-01, 1.399240e-01, 1.442966e-01, 1.486692e-01, 1.530420e-01, 1.574146e-01, 1.617872e-01, 1.661597e-01, 1.705323e-01, 1.749051e-01, 1.792777e-01, 1.836503e-01, 1.880229e-01, 1.923956e-01, 1.967682e-01, 2.011408e-01, 2.055134e-01, 2.098860e-01, 2.142587e-01, 2.186313e-01, 2.230039e-01, 2.273765e-01, 2.317492e-01, 2.361218e-01, 2.404944e-01, 2.448670e-01, 2.492396e-01, 2.536123e-01, 2.579849e-01, 2.623575e-01, 2.667301e-01, 2.711028e-01, 2.754754e-01, 2.798480e-01, 2.842206e-01, 2.885933e-01, 2.929659e-01, 2.973385e-01, 3.017111e-01, 3.060837e-01, 3.104564e-01, 3.148290e-01, 3.192016e-01, 3.235742e-01, 3.279469e-01, 3.323195e-01, 3.366921e-01, 3.410647e-01, 3.454373e-01, 3.498100e-01, 3.541826e-01, 3.585552e-01, 3.629278e-01, 3.673005e-01, 3.716731e-01, 3.760457e-01, 3.804183e-01, 3.847910e-01, 3.891636e-01, 3.935362e-01, 3.979088e-01, 4.022814e-01, 4.066541e-01, 4.110267e-01, 4.153993e-01, 4.197719e-01, 4.241446e-01, 4.285172e-01, 4.328898e-01, 4.372624e-01, 4.416350e-01, 4.460077e-01, 4.503803e-01, 4.547529e-01, 4.591255e-01, 4.634982e-01, 4.678708e-01, 4.722434e-01, 4.766160e-01, 4.809887e-01, 4.853613e-01, 4.897339e-01, 4.941065e-01, 4.984791e-01, 5.028518e-01, 5.072244e-01, 5.115970e-01, 5.159696e-01, 5.203424e-01, 5.247149e-01, 5.290875e-01, 5.334601e-01, 5.378327e-01, 5.422055e-01, 5.465780e-01, 5.509506e-01, 5.553232e-01, 5.596960e-01, 5.640686e-01, 5.684412e-01, 5.728137e-01, 5.771863e-01, 5.815591e-01, 5.859317e-01, 5.903043e-01, 5.946769e-01, 5.990496e-01, 6.034222e-01, 6.077948e-01, 6.121674e-01, 6.165401e-01, 6.209127e-01, 6.252853e-01, 6.296579e-01, 6.340305e-01, 6.384032e-01, 6.427758e-01, 6.471484e-01, 6.515210e-01, 6.558937e-01, 6.602663e-01, 6.646389e-01, 6.690115e-01, 6.733841e-01, 6.777568e-01, 6.821294e-01, 6.865020e-01, 6.908746e-01, 6.952473e-01, 6.996199e-01, 7.039925e-01, 7.083651e-01, 7.127378e-01, 7.171104e-01, 7.214830e-01, 7.258556e-01, 7.302282e-01, 7.346009e-01, 7.389735e-01, 7.433461e-01, 7.477187e-01, 7.520914e-01, 7.564640e-01, 7.608366e-01, 7.652092e-01, 7.695818e-01, 7.739545e-01, 7.783271e-01, 7.826997e-01, 7.870723e-01, 7.914450e-01, 7.958176e-01, 8.001902e-01, 8.045628e-01, 8.089355e-01, 8.133081e-01, 8.176807e-01, 8.220533e-01, 8.264259e-01, 8.307986e-01, 8.351712e-01, 8.395438e-01, 8.439164e-01, 8.482891e-01, 8.526617e-01, 8.570343e-01, 8.614069e-01, 8.657795e-01, 8.701521e-01, 8.745247e-01, 8.788975e-01, 8.832701e-01, 8.876427e-01, 8.920153e-01, 8.963879e-01, 9.007605e-01, 9.051331e-01, 9.095057e-01, 9.138783e-01, 9.182512e-01, 9.226238e-01, 9.269964e-01, 9.313689e-01, 9.357415e-01, 9.401141e-01, 9.444867e-01, 9.488593e-01, 9.532319e-01, 9.576048e-01, 9.619774e-01, 9.663500e-01, 9.707226e-01, 9.750952e-01, 9.794677e-01, 9.838403e-01, 9.882129e-01, 9.925858e-01, 9.969584e-01, 1.001331e+00, 1.005704e+00, 1.010076e+00, 1.014449e+00, 1.018821e+00, 1.023194e+00, 1.027567e+00, 1.031939e+00, 1.036312e+00, 1.040685e+00, 1.045057e+00, 1.049430e+00, 1.053802e+00, 1.058175e+00, 1.062548e+00, 1.066920e+00, 1.071293e+00, 1.075666e+00, 1.080038e+00, 1.084411e+00, 1.088783e+00, 1.093156e+00, 1.097529e+00, 1.101901e+00, 1.106274e+00, 1.110647e+00, 1.115019e+00, 1.119392e+00, 1.123764e+00, 1.128137e+00, 1.132510e+00, 1.136882e+00, 1.141255e+00, 1.145627e+00, 1.150000e+00, 1.154373e+00, 1.158745e+00, 1.163118e+00, 1.167491e+00 ],