{ "nrays": 525, "min_theta": -1.500000e+00, "max_theta": 1.548203e+00, "odometry": [ 0.0, 0.0, 0.0 ], "estimate": [ null, null, null ], "true_pose": [ 0.0, 0.0, 0.0 ], "theta": [ -1.500000e+00, -1.494183e+00, -1.488366e+00, -1.482548e+00, -1.476731e+00, -1.470914e+00, -1.465097e+00, -1.459280e+00, -1.453463e+00, -1.447645e+00, -1.441828e+00, -1.436011e+00, -1.430194e+00, -1.424377e+00, -1.418559e+00, -1.412742e+00, -1.406925e+00, -1.401108e+00, -1.395291e+00, -1.389474e+00, -1.383656e+00, -1.377839e+00, -1.372022e+00, -1.366205e+00, -1.360388e+00, -1.354570e+00, -1.348753e+00, -1.342936e+00, -1.337119e+00, -1.331302e+00, -1.325485e+00, -1.319667e+00, -1.313850e+00, -1.308033e+00, -1.302216e+00, -1.296399e+00, -1.290581e+00, -1.284764e+00, -1.278947e+00, -1.273130e+00, -1.267313e+00, -1.261496e+00, -1.255678e+00, -1.249861e+00, -1.244044e+00, -1.238227e+00, -1.232410e+00, -1.226592e+00, -1.220775e+00, -1.214958e+00, -1.209141e+00, -1.203324e+00, -1.197507e+00, -1.191689e+00, -1.185872e+00, -1.180055e+00, -1.174238e+00, -1.168421e+00, -1.162603e+00, -1.156786e+00, -1.150969e+00, -1.145152e+00, -1.139335e+00, -1.133518e+00, -1.127700e+00, -1.121883e+00, -1.116066e+00, -1.110249e+00, -1.104432e+00, -1.098614e+00, -1.092797e+00, -1.086980e+00, -1.081163e+00, -1.075346e+00, -1.069529e+00, -1.063711e+00, -1.057894e+00, -1.052077e+00, -1.046260e+00, -1.040443e+00, -1.034625e+00, -1.028808e+00, -1.022991e+00, -1.017174e+00, -1.011357e+00, -1.005540e+00, -9.997223e-01, -9.939051e-01, -9.880880e-01, -9.822708e-01, -9.764536e-01, -9.706364e-01, -9.648192e-01, -9.590020e-01, -9.531848e-01, -9.473677e-01, -9.415505e-01, -9.357333e-01, -9.299161e-01, -9.240990e-01, -9.182818e-01, -9.124646e-01, -9.066474e-01, -9.008302e-01, -8.950130e-01, -8.891959e-01, -8.833787e-01, -8.775615e-01, -8.717443e-01, -8.659271e-01, -8.601099e-01, -8.542928e-01, -8.484756e-01, -8.426584e-01, -8.368412e-01, -8.310241e-01, -8.252069e-01, -8.193896e-01, -8.135725e-01, -8.077553e-01, -8.019381e-01, -7.961209e-01, -7.903038e-01, -7.844866e-01, -7.786694e-01, -7.728522e-01, -7.670350e-01, -7.612178e-01, -7.554007e-01, -7.495835e-01, -7.437663e-01, -7.379491e-01, -7.321320e-01, -7.263147e-01, -7.204975e-01, -7.146804e-01, -7.088632e-01, -7.030460e-01, -6.972288e-01, -6.914117e-01, -6.855944e-01, -6.797773e-01, -6.739601e-01, -6.681429e-01, -6.623257e-01, -6.565086e-01, -6.506914e-01, -6.448742e-01, -6.390570e-01, -6.332398e-01, -6.274226e-01, -6.216055e-01, -6.157883e-01, -6.099711e-01, -6.041539e-01, -5.983368e-01, -5.925195e-01, -5.867023e-01, -5.808852e-01, -5.750680e-01, -5.692508e-01, -5.634336e-01, -5.576165e-01, -5.517993e-01, -5.459821e-01, -5.401649e-01, -5.343477e-01, -5.285305e-01, -5.227134e-01, -5.168962e-01, -5.110790e-01, -5.052618e-01, -4.994446e-01, -4.936274e-01, -4.878103e-01, -4.819931e-01, -4.761759e-01, -4.703587e-01, -4.645416e-01, -4.587244e-01, -4.529072e-01, -4.470900e-01, -4.412729e-01, -4.354557e-01, -4.296384e-01, -4.238212e-01, -4.180040e-01, -4.121869e-01, -4.063697e-01, -4.005525e-01, -3.947353e-01, -3.889182e-01, -3.831010e-01, -3.772838e-01, -3.714666e-01, -3.656495e-01, -3.598323e-01, -3.540151e-01, -3.481979e-01, -3.423808e-01, -3.365636e-01, -3.307463e-01, -3.249291e-01, -3.191119e-01, -3.132948e-01, -3.074776e-01, -3.016604e-01, -2.958432e-01, -2.900261e-01, -2.842089e-01, -2.783917e-01, -2.725745e-01, -2.667574e-01, -2.609402e-01, -2.551230e-01, -2.493058e-01, -2.434886e-01, -2.376714e-01, -2.318542e-01, -2.260370e-01, -2.202199e-01, -2.144027e-01, -2.085855e-01, -2.027683e-01, -1.969512e-01, -1.911340e-01, -1.853168e-01, -1.794996e-01, -1.736825e-01, -1.678653e-01, -1.620481e-01, -1.562309e-01, -1.504138e-01, -1.445965e-01, -1.387793e-01, -1.329621e-01, -1.271449e-01, -1.213278e-01, -1.155106e-01, -1.096934e-01, -1.038762e-01, -9.805906e-02, -9.224188e-02, -8.642471e-02, -8.060753e-02, -7.479036e-02, -6.897318e-02, -6.315601e-02, -5.733871e-02, -5.152154e-02, -4.570436e-02, -3.988719e-02, -3.407001e-02, -2.825284e-02, -2.243567e-02, -1.661849e-02, -1.080132e-02, -4.984140e-03, 8.330345e-04, 6.650209e-03, 1.246738e-02, 1.828456e-02, 2.410173e-02, 2.991891e-02, 3.573608e-02, 4.155338e-02, 4.737055e-02, 5.318773e-02, 5.900490e-02, 6.482208e-02, 7.063925e-02, 7.645643e-02, 8.227360e-02, 8.809078e-02, 9.390795e-02, 9.972513e-02, 1.055423e-01, 1.113595e-01, 1.171767e-01, 1.229938e-01, 1.288111e-01, 1.346283e-01, 1.404455e-01, 1.462626e-01, 1.520798e-01, 1.578970e-01, 1.637142e-01, 1.695313e-01, 1.753485e-01, 1.811657e-01, 1.869829e-01, 1.928000e-01, 1.986172e-01, 2.044344e-01, 2.102516e-01, 2.160687e-01, 2.218859e-01, 2.277032e-01, 2.335204e-01, 2.393376e-01, 2.451547e-01, 2.509719e-01, 2.567891e-01, 2.626063e-01, 2.684234e-01, 2.742406e-01, 2.800578e-01, 2.858750e-01, 2.916921e-01, 2.975093e-01, 3.033265e-01, 3.091437e-01, 3.149610e-01, 3.207781e-01, 3.265953e-01, 3.324125e-01, 3.382297e-01, 3.440468e-01, 3.498640e-01, 3.556812e-01, 3.614984e-01, 3.673155e-01, 3.731327e-01, 3.789499e-01, 3.847671e-01, 3.905842e-01, 3.964014e-01, 4.022186e-01, 4.080358e-01, 4.138530e-01, 4.196702e-01, 4.254874e-01, 4.313046e-01, 4.371217e-01, 4.429389e-01, 4.487561e-01, 4.545733e-01, 4.603904e-01, 4.662076e-01, 4.720248e-01, 4.778420e-01, 4.836591e-01, 4.894763e-01, 4.952935e-01, 5.011108e-01, 5.069280e-01, 5.127451e-01, 5.185623e-01, 5.243795e-01, 5.301967e-01, 5.360138e-01, 5.418310e-01, 5.476482e-01, 5.534654e-01, 5.592825e-01, 5.650997e-01, 5.709169e-01, 5.767341e-01, 5.825512e-01, 5.883684e-01, 5.941856e-01, 6.000028e-01, 6.058199e-01, 6.116371e-01, 6.174543e-01, 6.232715e-01, 6.290886e-01, 6.349058e-01, 6.407232e-01, 6.465404e-01, 6.523576e-01, 6.581748e-01, 6.639919e-01, 6.698091e-01, 6.756263e-01, 6.814435e-01, 6.872606e-01, 6.930778e-01, 6.988950e-01, 7.047122e-01, 7.105293e-01, 7.163465e-01, 7.221637e-01, 7.279809e-01, 7.337980e-01, 7.396152e-01, 7.454324e-01, 7.512496e-01, 7.570667e-01, 7.628839e-01, 7.687011e-01, 7.745183e-01, 7.803354e-01, 7.861526e-01, 7.919698e-01, 7.977870e-01, 8.036041e-01, 8.094213e-01, 8.152385e-01, 8.210557e-01, 8.268728e-01, 8.326902e-01, 8.385074e-01, 8.443246e-01, 8.501418e-01, 8.559589e-01, 8.617761e-01, 8.675933e-01, 8.734105e-01, 8.792276e-01, 8.850448e-01, 8.908620e-01, 8.966792e-01, 9.024963e-01, 9.083135e-01, 9.141307e-01, 9.199479e-01, 9.257650e-01, 9.315822e-01, 9.373994e-01, 9.432166e-01, 9.490337e-01, 9.548509e-01, 9.606681e-01, 9.664853e-01, 9.723024e-01, 9.781196e-01, 9.839368e-01, 9.897540e-01, 9.955711e-01, 1.001388e+00, 1.007205e+00, 1.013023e+00, 1.018840e+00, 1.024657e+00, 1.030474e+00, 1.036292e+00, 1.042109e+00, 1.047926e+00, 1.053743e+00, 1.059560e+00, 1.065377e+00, 1.071195e+00, 1.077012e+00, 1.082829e+00, 1.088646e+00, 1.094463e+00, 1.100281e+00, 1.106098e+00, 1.111915e+00, 1.117732e+00, 1.123549e+00, 1.129366e+00, 1.135184e+00, 1.141001e+00, 1.146818e+00, 1.152635e+00, 1.158452e+00, 1.164269e+00, 1.170087e+00, 1.175904e+00, 1.181721e+00, 1.187538e+00, 1.193355e+00, 1.199172e+00, 1.204990e+00, 1.210807e+00, 1.216624e+00, 1.222441e+00, 1.228259e+00, 1.234076e+00, 1.239893e+00, 1.245710e+00, 1.251527e+00, 1.257344e+00, 1.263162e+00, 1.268979e+00, 1.274796e+00, 1.280613e+00, 1.286430e+00, 1.292248e+00, 1.298065e+00, 1.303882e+00, 1.309699e+00, 1.315516e+00, 1.321333e+00, 1.327151e+00, 1.332968e+00, 1.338785e+00, 1.344602e+00, 1.350419e+00, 1.356236e+00, 1.362054e+00, 1.367871e+00, 1.373688e+00, 1.379505e+00, 1.385323e+00, 1.391140e+00, 1.396957e+00, 1.402774e+00, 1.408591e+00, 1.414408e+00, 1.420226e+00, 1.426043e+00, 1.431860e+00, 1.437677e+00, 1.443494e+00, 1.449311e+00, 1.455129e+00, 1.460946e+00, 1.466763e+00, 1.472580e+00, 1.478397e+00, 1.484215e+00, 1.490032e+00, 1.495849e+00, 1.501666e+00, 1.507483e+00, 1.513300e+00, 1.519118e+00, 1.524935e+00, 1.530752e+00, 1.536569e+00, 1.542386e+00, 1.548203e+00 ],