{ "nrays": 427, "min_theta": -1.220000e+00, "max_theta": 1.233760e+00, "odometry": [ 0.0, 0.0, 0.0 ], "estimate": [ null, null, null ], "true_pose": [ 0.0, 0.0, 0.0 ], "theta": [ -1.220000e+00, -1.214240e+00, -1.208480e+00, -1.202720e+00, -1.196960e+00, -1.191200e+00, -1.185440e+00, -1.179680e+00, -1.173920e+00, -1.168160e+00, -1.162400e+00, -1.156640e+00, -1.150880e+00, -1.145120e+00, -1.139360e+00, -1.133600e+00, -1.127840e+00, -1.122080e+00, -1.116320e+00, -1.110560e+00, -1.104800e+00, -1.099040e+00, -1.093280e+00, -1.087520e+00, -1.081760e+00, -1.076000e+00, -1.070240e+00, -1.064480e+00, -1.058720e+00, -1.052960e+00, -1.047200e+00, -1.041440e+00, -1.035680e+00, -1.029920e+00, -1.024160e+00, -1.018400e+00, -1.012640e+00, -1.006880e+00, -1.001120e+00, -9.953600e-01, -9.896001e-01, -9.838400e-01, -9.780800e-01, -9.723200e-01, -9.665600e-01, -9.608001e-01, -9.550400e-01, -9.492800e-01, -9.435200e-01, -9.377600e-01, -9.320000e-01, -9.262400e-01, -9.204800e-01, -9.147201e-01, -9.089600e-01, -9.032000e-01, -8.974400e-01, -8.916800e-01, -8.859200e-01, -8.801600e-01, -8.744000e-01, -8.686401e-01, -8.628800e-01, -8.571200e-01, -8.513600e-01, -8.456000e-01, -8.398401e-01, -8.340800e-01, -8.283200e-01, -8.225600e-01, -8.168000e-01, -8.110400e-01, -8.052800e-01, -7.995200e-01, -7.937601e-01, -7.880000e-01, -7.822400e-01, -7.764800e-01, -7.707200e-01, -7.649601e-01, -7.592000e-01, -7.534400e-01, -7.476800e-01, -7.419200e-01, -7.361600e-01, -7.304000e-01, -7.246400e-01, -7.188800e-01, -7.131200e-01, -7.073600e-01, -7.016000e-01, -6.958400e-01, -6.900800e-01, -6.843200e-01, -6.785600e-01, -6.728000e-01, -6.670400e-01, -6.612800e-01, -6.555200e-01, -6.497600e-01, -6.440000e-01, -6.382400e-01, -6.324800e-01, -6.267200e-01, -6.209600e-01, -6.152000e-01, -6.094400e-01, -6.036800e-01, -5.979200e-01, -5.921600e-01, -5.864000e-01, -5.806400e-01, -5.748800e-01, -5.691200e-01, -5.633600e-01, -5.576000e-01, -5.518400e-01, -5.460800e-01, -5.403200e-01, -5.345600e-01, -5.288000e-01, -5.230400e-01, -5.172800e-01, -5.115200e-01, -5.057600e-01, -5.000000e-01, -4.942400e-01, -4.884800e-01, -4.827200e-01, -4.769600e-01, -4.712000e-01, -4.654400e-01, -4.596800e-01, -4.539200e-01, -4.481600e-01, -4.424000e-01, -4.366400e-01, -4.308800e-01, -4.251200e-01, -4.193600e-01, -4.136000e-01, -4.078400e-01, -4.020800e-01, -3.963200e-01, -3.905600e-01, -3.848000e-01, -3.790400e-01, -3.732800e-01, -3.675200e-01, -3.617600e-01, -3.560000e-01, -3.502400e-01, -3.444800e-01, -3.387200e-01, -3.329600e-01, -3.272000e-01, -3.214400e-01, -3.156800e-01, -3.099200e-01, -3.041600e-01, -2.984000e-01, -2.926400e-01, -2.868800e-01, -2.811200e-01, -2.753600e-01, -2.696000e-01, -2.638400e-01, -2.580800e-01, -2.523200e-01, -2.465600e-01, -2.408000e-01, -2.350400e-01, -2.292800e-01, -2.235200e-01, -2.177600e-01, -2.120000e-01, -2.062401e-01, -2.004800e-01, -1.947200e-01, -1.889600e-01, -1.832000e-01, -1.774400e-01, -1.716800e-01, -1.659200e-01, -1.601601e-01, -1.544000e-01, -1.486400e-01, -1.428800e-01, -1.371200e-01, -1.313601e-01, -1.256000e-01, -1.198400e-01, -1.140800e-01, -1.083200e-01, -1.025600e-01, -9.679997e-02, -9.104002e-02, -8.528006e-02, -7.951999e-02, -7.376003e-02, -6.799996e-02, -6.224000e-02, -5.648005e-02, -5.071998e-02, -4.496002e-02, -3.920007e-02, -3.343999e-02, -2.768004e-02, -2.191997e-02, -1.616001e-02, -1.040006e-02, -4.639983e-03, 1.119971e-03, 6.880045e-03, 1.264000e-02, 1.839995e-02, 2.416003e-02, 2.991998e-02, 3.567994e-02, 4.144001e-02, 4.719996e-02, 5.296004e-02, 5.871999e-02, 6.447995e-02, 7.024002e-02, 7.599998e-02, 8.176005e-02, 8.752000e-02, 9.327996e-02, 9.904003e-02, 1.048000e-01, 1.105599e-01, 1.163200e-01, 1.220800e-01, 1.278400e-01, 1.336000e-01, 1.393600e-01, 1.451200e-01, 1.508800e-01, 1.566399e-01, 1.624000e-01, 1.681600e-01, 1.739200e-01, 1.796800e-01, 1.854399e-01, 1.912000e-01, 1.969600e-01, 2.027200e-01, 2.084800e-01, 2.142400e-01, 2.200000e-01, 2.257600e-01, 2.315199e-01, 2.372800e-01, 2.430400e-01, 2.488000e-01, 2.545600e-01, 2.603199e-01, 2.660800e-01, 2.718400e-01, 2.776000e-01, 2.833600e-01, 2.891200e-01, 2.948800e-01, 3.006400e-01, 3.063999e-01, 3.121600e-01, 3.179200e-01, 3.236800e-01, 3.294400e-01, 3.352000e-01, 3.409600e-01, 3.467200e-01, 3.524801e-01, 3.582400e-01, 3.640000e-01, 3.697600e-01, 3.755200e-01, 3.812799e-01, 3.870400e-01, 3.928000e-01, 3.985600e-01, 4.043200e-01, 4.100800e-01, 4.158400e-01, 4.216000e-01, 4.273599e-01, 4.331200e-01, 4.388800e-01, 4.446400e-01, 4.504000e-01, 4.561599e-01, 4.619200e-01, 4.676800e-01, 4.734401e-01, 4.792000e-01, 4.849600e-01, 4.907200e-01, 4.964800e-01, 5.022399e-01, 5.080000e-01, 5.137600e-01, 5.195200e-01, 5.252800e-01, 5.310400e-01, 5.368000e-01, 5.425600e-01, 5.483201e-01, 5.540800e-01, 5.598400e-01, 5.656000e-01, 5.713600e-01, 5.771199e-01, 5.828800e-01, 5.886400e-01, 5.944000e-01, 6.001600e-01, 6.059200e-01, 6.116800e-01, 6.174400e-01, 6.231999e-01, 6.289600e-01, 6.347200e-01, 6.404800e-01, 6.462400e-01, 6.520000e-01, 6.577600e-01, 6.635200e-01, 6.692801e-01, 6.750400e-01, 6.808000e-01, 6.865600e-01, 6.923200e-01, 6.980799e-01, 7.038400e-01, 7.096000e-01, 7.153600e-01, 7.211200e-01, 7.268800e-01, 7.326400e-01, 7.384000e-01, 7.441601e-01, 7.499200e-01, 7.556800e-01, 7.614400e-01, 7.672000e-01, 7.729599e-01, 7.787200e-01, 7.844801e-01, 7.902400e-01, 7.960000e-01, 8.017600e-01, 8.075199e-01, 8.132801e-01, 8.190401e-01, 8.248000e-01, 8.305600e-01, 8.363199e-01, 8.420801e-01, 8.478401e-01, 8.536000e-01, 8.593600e-01, 8.651199e-01, 8.708799e-01, 8.766401e-01, 8.824000e-01, 8.881600e-01, 8.939199e-01, 8.996799e-01, 9.054401e-01, 9.112000e-01, 9.169600e-01, 9.227200e-01, 9.284799e-01, 9.342401e-01, 9.400001e-01, 9.457600e-01, 9.515200e-01, 9.572799e-01, 9.630401e-01, 9.688001e-01, 9.745600e-01, 9.803200e-01, 9.860799e-01, 9.918401e-01, 9.976001e-01, 1.003360e+00, 1.009120e+00, 1.014880e+00, 1.020640e+00, 1.026400e+00, 1.032160e+00, 1.037920e+00, 1.043680e+00, 1.049440e+00, 1.055200e+00, 1.060960e+00, 1.066720e+00, 1.072480e+00, 1.078240e+00, 1.084000e+00, 1.089760e+00, 1.095520e+00, 1.101280e+00, 1.107040e+00, 1.112800e+00, 1.118560e+00, 1.124320e+00, 1.130080e+00, 1.135840e+00, 1.141600e+00, 1.147360e+00, 1.153120e+00, 1.158880e+00, 1.164640e+00, 1.170400e+00, 1.176160e+00, 1.181920e+00, 1.187680e+00, 1.193440e+00, 1.199200e+00, 1.204960e+00, 1.210720e+00, 1.216480e+00, 1.222240e+00, 1.228000e+00, 1.233760e+00 ],